{
	"name": "alwaysshownotes",
	"title": "Always Show Notes",
	"description": "Sets the Display Notes toggle to true by default",
	"version": "0.1",
	"author": "Pin",
	"scripts": ["./always-show-notes.js"],
	"styles": [],
	"packs": [],
    "url": "https://github.com/Pingar5/alwaysshownotes",
    "manifest": "https://raw.githubusercontent.com/Pingar5/alwaysshownotes/master/alwaysshownotes/module.json",
    "download": "https://github.com/Pingar5/alwaysshownotes/raw/master/alwaysshownotes.zip"
}
